id,dbaaspId,name,sequence,sequenceLength,target_cell,activity_measure,concentration,unit,activity_value
351,DBAASPS_351,,CAKAKAKAGSGAKAKAKAC,19,Human erythrocytes,50% Hemolysis,1055,µM,1909.8243
352,DBAASPS_352,,CFKFKFKFGSGFKFKFKFC,19,Human erythrocytes,50% Hemolysis,35,µM,84.6671
353,DBAASPS_353,,CWKWKWKWGSGWKWKWKWC,19,Human erythrocytes,50% Hemolysis,45,µM,122.9121
360,DBAASPR_360,Magainin-2 	 ,GIGKFLHSAKKFGKAFVGEIMNS,23,Human erythrocytes,50% Hemolysis,19±1.0,µM,46.94862
447,DBAASPS_447,"Cecropin (1-7)+Melittin (2-9), CAMEL",KWKLFKKIGAVLKVL,15,Sheep erythrocytes,50% Hemolysis,40.2±2.2,µM,71.36947
470,DBAASPS_470,,KKAAAAAAAAAAAAWAAAAAAKKKK,25,Rabbit erythrocytes,1% Hemolysis,200,µM,451.554
475,DBAASPS_475,,KKAAAFAAAAAFAAWAAFAAAKKKK,25,Rabbit erythrocytes,4% Hemolysis,200,µM,497.214
476,DBAASPS_476,,KKAAASAAAAASAAWAASAAAKKKK,25,Rabbit erythrocytes,3% Hemolysis,200,µM,461.154
477,DBAASPS_477,,KKKKKKAAAFAAAAAFAAWAAFAAA,25,Human erythrocytes,17% Hemolysis,200,µM,497.214
478,DBAASPS_478,,KKAAAAFAAFAAWFAAFAAAAKKKK,25,Rabbit erythrocytes,34% Hemolysis,200,µM,512.434
321,DBAASPS_321,,KKLAGLAKKWAGLAKKLAGLA,21,Human erythrocytes,13% Hemolysis,500,µg/ml,500.0
322,DBAASPS_322,,KLKAGLAKWKAGLAKLKAGLA,21,Human erythrocytes,0% Hemolysis,500,µg/ml,500.0
323,DBAASPS_323,,KLAKGLAKWAKGLAKLAKGLA,21,Human erythrocytes,16% Hemolysis,500,µg/ml,500.0
324,DBAASPS_324,,KLAGKLAKWAGKLAKLAGKLA,21,Human erythrocytes,17% Hemolysis,500,µg/ml,500.0
325,DBAASPS_325,,KLAGLKAKWAGLKAKLAGLKA,21,Human erythrocytes,0% Hemolysis,500,µg/ml,500.0
326,DBAASPS_326,,KLAGLAKKWAGLAKKLAGLAK,21,Human erythrocytes,8% Hemolysis,500,µg/ml,500.0
347,DBAASPS_347,,CVKVKVKVGSGVKVKVKVC,19,Human erythrocytes,50% Hemolysis,880,µM,1790.5009
348,DBAASPS_348,,CVKVSVKVGSGVKVSVKVC,19,Human erythrocytes,50% Hemolysis,589,µM,1148.8209
349,DBAASPS_349,,CVKVRVKVGSGVKVRVKVC,19,Human erythrocytes,50% Hemolysis,590,µM,1232.3212
350,DBAASPS_350,,CVKVQVKVGSGVKVQVKVC,19,Human erythrocytes,50% Hemolysis,3226,µM,6557.0386
